Command,Variant SKU,Variant Command
,3080054,DELETE
,3214765,DELETE
DELETE,854286,
,3136015,DELETE
,246237,DELETE
,3078992,DELETE
,832403,DELETE
DELETE,3340056,
,3209774,DELETE
,3080063,DELETE
,3079052,DELETE
DELETE,3341136,
,364579,DELETE
,3152131,DELETE
,3152137,DELETE
,322351,DELETE
,342420,DELETE
,3114624,DELETE
,3129103,DELETE
,828152,DELETE
,3116110,DELETE
,3079044,DELETE
,3079045,DELETE
,850902,DELETE
,852777,DELETE
,338517,DELETE
,830027,DELETE
,3157728,DELETE
,3098414,DELETE
,808928,DELETE
DELETE,317584,
,311297,DELETE
,4005272,DELETE
,3079010,DELETE
,351022,DELETE
,3280152,DELETE
,376126,DELETE
,836944,DELETE
,152169,DELETE
,828719,DELETE
,837410,DELETE
,835949,DELETE
,317001,DELETE
,808218,DELETE
,277006,DELETE
DELETE,362633,
,862365,DELETE
,3209702,DELETE
DELETE,44762,
,319165,DELETE
DELETE,3338724,
,3079046,DELETE
,3079047,DELETE
,3284175,DELETE
,3214755,DELETE
,321616,DELETE
,3117734,DELETE
,363862,DELETE
,373927,DELETE
,316957,DELETE
,3280986,DELETE
,350041,DELETE
,3114616,DELETE
,848767,DELETE
,314806,DELETE
,3142915,DELETE
DELETE,3342244,
,3154253,DELETE
,3280106,DELETE
,311338,DELETE
,859231,DELETE
